LOG MSG,TIMESTAMP
MAIN: Logger initialized successfully,Sat Apr 29 22:28:17 2023
MAIN: Components initialized successfully,Sat Apr 29 22:28:17 2023
MAIN: Threads created successfully,Sat Apr 29 22:28:17 2023
READER: Data read and stored successfully,Sat Apr 29 22:28:17 2023
ANALYZER: Data analyzed and stored successfully,Sat Apr 29 22:28:17 2023
PRINTER: Data printed,Sat Apr 29 22:28:17 2023
READER: Data read and stored successfully,Sat Apr 29 22:28:18 2023
ANALYZER: Data analyzed and stored successfully,Sat Apr 29 22:28:18 2023
PRINTER: Data printed,Sat Apr 29 22:28:18 2023
READER: Data read and stored successfully,Sat Apr 29 22:28:19 2023
ANALYZER: Data analyzed and stored successfully,Sat Apr 29 22:28:19 2023
PRINTER: Data printed,Sat Apr 29 22:28:19 2023
READER: Data read and stored successfully,Sat Apr 29 22:28:20 2023
ANALYZER: Data analyzed and stored successfully,Sat Apr 29 22:28:20 2023
PRINTER: Data printed,Sat Apr 29 22:28:20 2023
READER: Data read and stored successfully,Sat Apr 29 22:28:21 2023
ANALYZER: Data analyzed and stored successfully,Sat Apr 29 22:28:21 2023
PRINTER: Data printed,Sat Apr 29 22:28:21 2023
READER: Data read and stored successfully,Sat Apr 29 22:28:22 2023
ANALYZER: Data analyzed and stored successfully,Sat Apr 29 22:28:22 2023
PRINTER: Data printed,Sat Apr 29 22:28:22 2023
READER: Data read and stored successfully,Sat Apr 29 22:28:23 2023
ANALYZER: Data analyzed and stored successfully,Sat Apr 29 22:28:23 2023
PRINTER: Data printed,Sat Apr 29 22:28:23 2023
READER: Data read and stored successfully,Sat Apr 29 22:28:24 2023
ANALYZER: Data analyzed and stored successfully,Sat Apr 29 22:28:24 2023
PRINTER: Data printed,Sat Apr 29 22:28:24 2023
READER: Data read and stored successfully,Sat Apr 29 22:28:25 2023
ANALYZER: Data analyzed and stored successfully,Sat Apr 29 22:28:25 2023
PRINTER: Data printed,Sat Apr 29 22:28:25 2023
READER: Data read and stored successfully,Sat Apr 29 22:28:26 2023
ANALYZER: Data analyzed and stored successfully,Sat Apr 29 22:28:26 2023
PRINTER: Data printed,Sat Apr 29 22:28:26 2023
READER: Data read and stored successfully,Sat Apr 29 22:28:27 2023
ANALYZER: Data analyzed and stored successfully,Sat Apr 29 22:28:27 2023
PRINTER: Data printed,Sat Apr 29 22:28:27 2023
READER: Data read and stored successfully,Sat Apr 29 22:28:28 2023
ANALYZER: Data analyzed and stored successfully,Sat Apr 29 22:28:28 2023
PRINTER: Data printed,Sat Apr 29 22:28:28 2023
READER: Data read and stored successfully,Sat Apr 29 22:28:29 2023
ANALYZER: Data analyzed and stored successfully,Sat Apr 29 22:28:29 2023
PRINTER: Data printed,Sat Apr 29 22:28:29 2023
READER: Data read and stored successfully,Sat Apr 29 22:28:30 2023
ANALYZER: Data analyzed and stored successfully,Sat Apr 29 22:28:30 2023
PRINTER: Data printed,Sat Apr 29 22:28:30 2023
READER: Data read and stored successfully,Sat Apr 29 22:28:31 2023
ANALYZER: Data analyzed and stored successfully,Sat Apr 29 22:28:31 2023
PRINTER: Data printed,Sat Apr 29 22:28:31 2023
READER: Data read and stored successfully,Sat Apr 29 22:28:32 2023
ANALYZER: Data analyzed and stored successfully,Sat Apr 29 22:28:32 2023
PRINTER: Data printed,Sat Apr 29 22:28:32 2023
READER: Data read and stored successfully,Sat Apr 29 22:28:33 2023
ANALYZER: Data analyzed and stored successfully,Sat Apr 29 22:28:33 2023
PRINTER: Data printed,Sat Apr 29 22:28:33 2023
READER: Data read and stored successfully,Sat Apr 29 22:28:34 2023
ANALYZER: Data analyzed and stored successfully,Sat Apr 29 22:28:34 2023
PRINTER: Data printed,Sat Apr 29 22:28:34 2023
READER: Data read and stored successfully,Sat Apr 29 22:28:35 2023
ANALYZER: Data analyzed and stored successfully,Sat Apr 29 22:28:35 2023
PRINTER: Data printed,Sat Apr 29 22:28:35 2023
READER: Data read and stored successfully,Sat Apr 29 22:28:36 2023
ANALYZER: Data analyzed and stored successfully,Sat Apr 29 22:28:36 2023
PRINTER: Data printed,Sat Apr 29 22:28:36 2023
READER: Data read and stored successfully,Sat Apr 29 22:28:37 2023
ANALYZER: Data analyzed and stored successfully,Sat Apr 29 22:28:37 2023
PRINTER: Data printed,Sat Apr 29 22:28:37 2023
READER: Data read and stored successfully,Sat Apr 29 22:28:38 2023
ANALYZER: Data analyzed and stored successfully,Sat Apr 29 22:28:38 2023
PRINTER: Data printed,Sat Apr 29 22:28:38 2023
READER: Data read and stored successfully,Sat Apr 29 22:28:39 2023
ANALYZER: Data analyzed and stored successfully,Sat Apr 29 22:28:39 2023
PRINTER: Data printed,Sat Apr 29 22:28:39 2023
READER: Data read and stored successfully,Sat Apr 29 22:28:40 2023
ANALYZER: Data analyzed and stored successfully,Sat Apr 29 22:28:40 2023
PRINTER: Data printed,Sat Apr 29 22:28:40 2023
READER: Data read and stored successfully,Sat Apr 29 22:28:41 2023
ANALYZER: Data analyzed and stored successfully,Sat Apr 29 22:28:41 2023
PRINTER: Data printed,Sat Apr 29 22:28:41 2023
READER: Data read and stored successfully,Sat Apr 29 22:28:42 2023
ANALYZER: Data analyzed and stored successfully,Sat Apr 29 22:28:42 2023
PRINTER: Data printed,Sat Apr 29 22:28:42 2023
READER: Data read and stored successfully,Sat Apr 29 22:28:43 2023
ANALYZER: Data analyzed and stored successfully,Sat Apr 29 22:28:43 2023
PRINTER: Data printed,Sat Apr 29 22:28:43 2023
MAIN: User termination,Sat Apr 29 22:28:43 2023
